City_ID,City,Lat,Lng,Max Temp,Humidity,Cloudiness,Wind Speed,Country,Date
0,Mataura,-46.1927,168.8643,46.47,70,76,12.93,NZ,2022-09-15 04:58:56
1,Georgetown,5.4112,100.3354,78.73,93,40,8.05,MY,2022-09-15 04:54:56
2,Ushuaia,-54.8,-68.3,47.86,40,0,12.66,AR,2022-09-15 04:56:47
3,Antofagasta,-23.65,-70.4,56.48,77,17,2.71,CL,2022-09-15 04:54:23
4,Samarai,-10.6167,150.6667,82.18,77,22,11.12,PG,2022-09-15 04:58:56
5,Punta Arenas,-53.15,-70.9167,39.31,70,0,16.11,CL,2022-09-15 04:54:41
6,New Norfolk,-42.7826,147.0587,58.5,58,100,1.01,AU,2022-09-15 04:58:57
7,Aklavik,68.2191,-135.0107,41.59,84,100,3.56,CA,2022-09-15 04:58:57
8,Rikitea,-23.1203,-134.9692,70.63,73,9,13.22,PF,2022-09-15 04:58:57
9,Atuona,-9.8,-139.0333,76.53,75,17,17.85,PF,2022-09-15 04:58:58
10,Gamboula,4.1178,15.1393,67.24,97,99,2.15,CF,2022-09-15 04:58:58
11,Arraial Do Cabo,-22.9661,-42.0278,68.11,93,78,7.72,BR,2022-09-15 04:58:58
12,Sakakah,29.9697,40.2064,76.57,28,0,8.03,SA,2022-09-15 04:58:58
13,Asuncion,-25.3007,-57.6359,56.89,72,0,9.22,PY,2022-09-15 04:58:59
14,Albany,42.6001,-73.9662,64.17,80,11,5.01,US,2022-09-15 04:58:59
15,Manicore,-5.8092,-61.3003,75.15,94,0,0.0,BR,2022-09-15 04:58:59
16,Torbay,47.6666,-52.7314,55.58,94,40,3.44,CA,2022-09-15 04:59:00
17,Abu Dhabi,24.4667,54.3667,93.31,61,0,2.3,AE,2022-09-15 04:55:28
18,Chernolesskoye,44.7156,43.7133,65.3,54,29,6.69,RU,2022-09-15 04:59:00
19,Dikson,73.5069,80.5464,35.31,98,100,21.85,RU,2022-09-15 04:59:00
20,Ilulissat,69.2167,-51.1,37.51,99,100,5.44,GL,2022-09-15 04:59:01
21,Camalu,30.85,-116.0667,67.03,86,34,9.08,MX,2022-09-15 04:59:01
22,Saint-Pierre,-21.3393,55.4781,74.88,64,40,20.71,RE,2022-09-15 04:59:01
23,Muzaffarnagar,29.4667,77.6833,74.39,95,100,8.75,IN,2022-09-15 04:59:02
24,Athabasca,54.7169,-113.2854,41.41,46,0,4.74,CA,2022-09-15 04:59:02
25,Nikolskoye,59.7035,30.7861,51.69,93,91,8.68,RU,2022-09-15 04:59:02
26,Qingdao,36.0986,120.3719,71.2,100,100,11.18,CN,2022-09-15 04:58:22
27,Bambous Virieux,-20.3428,57.7575,74.21,64,20,12.66,MU,2022-09-15 04:59:03
28,Maningrida,-12.0667,134.2667,88.75,55,3,15.52,AU,2022-09-15 04:59:03
29,Hermanus,-34.4187,19.2345,56.16,79,59,3.71,ZA,2022-09-15 04:59:03
30,Cape Town,-33.9258,18.4232,61.38,84,53,9.22,ZA,2022-09-15 04:57:57
31,Ostrovnoy,68.0531,39.5131,48.52,80,92,7.02,RU,2022-09-15 04:59:04
32,Port Elizabeth,-33.918,25.5701,63.32,70,0,14.97,ZA,2022-09-15 04:59:04
33,Avarua,-21.2078,-159.775,73.45,73,20,13.8,CK,2022-09-15 04:59:04
34,Atchison,39.563,-95.1216,72.99,38,87,13.98,US,2022-09-15 04:59:05
35,Kodiak,57.79,-152.4072,50.2,80,60,3.51,US,2022-09-15 04:59:05
36,Hobart,-42.8794,147.3294,58.86,58,75,5.75,AU,2022-09-15 04:57:59
37,Kirn,49.7833,7.45,61.43,90,100,5.14,DE,2022-09-15 04:59:05
38,Hasaki,35.7333,140.8333,77.4,61,82,10.02,JP,2022-09-15 04:59:06
39,Noumea,-22.2763,166.4572,73.38,70,69,8.19,NC,2022-09-15 04:59:06
40,Ribeira Grande,38.5167,-28.7,74.14,86,100,22.55,PT,2022-09-15 04:59:06
41,Barrow,71.2906,-156.7887,33.91,99,100,23.51,US,2022-09-15 04:59:07
42,Thompson,55.7435,-97.8558,50.16,76,100,2.3,CA,2022-09-15 04:59:07
43,North Bend,43.4065,-124.2243,58.24,100,100,5.75,US,2022-09-15 04:59:07
44,Busselton,-33.65,115.3333,61.12,64,68,16.2,AU,2022-09-15 04:59:07
45,Jamestown,42.097,-79.2353,60.44,82,100,6.91,US,2022-09-15 04:55:18
46,Harper,4.375,-7.7169,76.37,81,98,8.23,LR,2022-09-15 05:00:08
47,Fremont,37.5483,-121.9886,65.59,82,100,7.0,US,2022-09-15 04:59:47
48,Port Hardy,50.6996,-127.4199,54.73,91,72,6.87,CA,2022-09-15 05:00:09
49,Longyearbyen,78.2186,15.6401,28.72,82,95,2.91,SJ,2022-09-15 05:00:09
50,Udachnyy,66.4167,112.4,44.46,45,32,12.55,RU,2022-09-15 05:00:10
51,Valdemarpils,57.3707,22.5919,51.85,91,39,9.37,LV,2022-09-15 04:56:16
52,Tuktoyaktuk,69.4541,-133.0374,39.18,67,76,21.09,CA,2022-09-15 05:00:11
53,Chokurdakh,70.6333,147.9167,45.14,51,100,3.89,RU,2022-09-15 05:00:12
54,Tasiilaq,65.6145,-37.6368,37.89,62,100,3.29,GL,2022-09-15 05:00:12
55,Kapaa,22.0752,-159.319,79.11,79,33,8.16,US,2022-09-15 05:00:13
56,Sioux Lookout,50.1001,-91.917,51.3,54,100,7.99,CA,2022-09-15 05:00:14
57,Meulaboh,4.1363,96.1285,85.84,62,33,7.09,ID,2022-09-15 05:00:15
58,Belyy Yar,53.6039,91.3903,50.86,76,75,4.47,RU,2022-09-15 05:00:15
59,Mnogovershinnyy,53.9353,139.9242,47.95,52,6,17.38,RU,2022-09-15 04:59:23
60,Aswan,24.0934,32.907,83.21,29,11,14.94,EG,2022-09-15 05:00:16
61,San Policarpo,12.1791,125.5072,87.8,64,87,2.91,PH,2022-09-15 05:00:16
62,Yellowknife,62.456,-114.3525,50.56,71,77,5.01,CA,2022-09-15 05:00:17
63,Abidjan,5.3094,-4.0197,76.96,94,75,8.05,CI,2022-09-15 04:58:48
64,Gizo,-8.103,156.8419,83.75,70,45,4.27,SB,2022-09-15 05:00:17
65,Bluff,-46.6,168.3333,46.8,73,87,29.84,NZ,2022-09-15 05:00:17
66,Hithadhoo,-0.6,73.0833,81.54,69,69,4.94,MV,2022-09-15 05:00:18
67,Puerto Ayora,-0.7393,-90.3518,65.55,94,46,3.0,EC,2022-09-15 05:00:18
68,Shingu,33.7333,135.9833,80.78,68,90,12.37,JP,2022-09-15 05:00:19
69,Bredasdorp,-34.5322,20.0403,52.3,92,51,2.46,ZA,2022-09-15 05:00:19
70,Dezful,32.3811,48.4058,95.74,17,0,2.08,IR,2022-09-15 04:59:32
71,Ondjiva,-17.0667,15.7333,63.9,30,92,4.18,AO,2022-09-15 05:00:20
72,Sechura,-5.5569,-80.8222,62.47,84,48,8.84,PE,2022-09-15 05:00:21
73,Kavieng,-2.5744,150.7967,83.25,71,23,12.21,PG,2022-09-15 05:00:21
74,Flagstaff,35.1981,-111.6513,56.52,72,3,1.01,US,2022-09-15 05:00:07
75,Kindia,10.0569,-12.8658,70.14,99,100,2.39,GN,2022-09-15 05:00:21
76,Faanui,-16.4833,-151.75,77.92,74,12,22.15,PF,2022-09-15 05:00:22
77,Holme,56.1138,10.1725,51.37,86,19,17.16,DK,2022-09-15 05:00:22
78,Severo-Kurilsk,50.6789,156.125,52.72,70,6,11.9,RU,2022-09-15 05:00:23
79,Cayenne,4.9333,-52.3333,77.04,94,20,0.0,GF,2022-09-15 05:00:24
80,Cherskiy,68.75,161.3,38.75,72,83,12.55,RU,2022-09-15 05:00:24
81,Kavaratti,10.5669,72.642,80.76,76,99,11.61,IN,2022-09-15 05:00:26
82,La Baule-Escoublac,47.2922,-2.364,64.06,94,100,3.44,FR,2022-09-15 05:00:27
83,Pevek,69.7008,170.3133,37.09,82,100,7.09,RU,2022-09-15 05:00:27
84,Waipawa,-41.4122,175.5153,49.14,59,18,4.16,NZ,2022-09-15 05:00:27
85,Paita,-5.0892,-81.1144,62.58,86,51,9.04,PE,2022-09-15 05:00:28
86,Saint-Philippe,-21.3585,55.7679,74.79,65,35,11.05,RE,2022-09-15 05:00:28
87,Palu,-0.8917,119.8707,85.53,75,89,3.87,ID,2022-09-15 05:00:28
88,Hamilton,39.1834,-84.5333,65.08,93,0,0.0,US,2022-09-15 04:55:35
89,Loa Janan,-0.583,117.095,84.78,71,99,4.65,ID,2022-09-15 05:00:29
90,Hilo,19.7297,-155.09,80.28,94,100,6.91,US,2022-09-15 05:00:29
91,Nantucket,41.2835,-70.0995,69.91,76,46,16.31,US,2022-09-15 05:01:29
92,Vaini,-21.2,-175.2,76.48,79,90,7.67,TO,2022-09-15 05:01:29
93,Olonets,60.9847,32.9698,49.78,95,100,8.75,RU,2022-09-15 05:01:30
94,Pangnirtung,66.1451,-65.7125,39.56,100,100,4.59,CA,2022-09-15 05:01:30
95,Sarangani,5.4033,125.4636,83.35,72,100,12.86,PH,2022-09-15 05:01:30
96,Norman Wells,65.282,-126.8329,46.38,84,95,5.26,CA,2022-09-15 05:01:31
97,Albion,42.2431,-84.753,61.32,97,75,0.0,US,2022-09-15 05:01:31
98,Gunjur,13.2019,-16.7339,77.07,94,75,0.0,GM,2022-09-15 05:01:32
99,Fairbanks,64.8378,-147.7164,48.6,95,100,8.05,US,2022-09-15 04:59:26
100,Victoria,22.2855,114.1577,95.04,45,12,8.01,HK,2022-09-15 04:57:42
101,Talnakh,69.4865,88.3972,42.21,88,100,10.49,RU,2022-09-15 05:01:33
102,San Juan,-31.5375,-68.5364,61.5,22,4,12.62,AR,2022-09-15 05:00:50
103,Seoul,37.5683,126.9778,85.39,48,100,8.95,KR,2022-09-15 05:00:03
104,Dalvik,65.9702,-18.5286,40.51,77,11,0.63,IS,2022-09-15 05:01:33
105,Klaksvik,62.2266,-6.589,47.32,74,75,16.64,FO,2022-09-15 05:01:33
106,Muros,42.7762,-9.0603,66.09,90,98,5.61,ES,2022-09-15 05:01:33
107,Margate,51.3813,1.3862,59.31,74,100,5.01,GB,2022-09-15 05:01:34
108,Tanda,26.55,82.65,82.74,81,100,13.0,IN,2022-09-15 05:01:34
109,Chuy,-33.6971,-53.4616,50.13,96,0,5.73,UY,2022-09-15 05:01:34
110,Shimoda,34.6667,138.95,75.11,68,91,12.03,JP,2022-09-15 05:01:35
111,Viedma,-40.8135,-62.9967,58.96,33,96,15.23,AR,2022-09-15 05:01:35
112,Marawi,7.9986,124.2928,77.59,80,76,6.6,PH,2022-09-15 05:01:35
113,Makakilo City,21.3469,-158.0858,80.56,65,40,9.22,US,2022-09-15 05:01:35
114,Solnechnyy,50.7214,136.6319,61.52,53,70,7.54,RU,2022-09-15 04:57:42
115,Poya,-21.35,165.15,71.8,72,70,9.24,NC,2022-09-15 05:01:36
116,Mitu,1.1983,-70.1733,71.78,94,71,2.33,CO,2022-09-15 05:01:36
117,Lorengau,-2.0226,147.2712,83.26,73,24,10.71,PG,2022-09-15 05:01:36
118,Upernavik,72.7868,-56.1549,39.78,94,100,5.97,GL,2022-09-15 05:01:38
119,Bethel,41.3712,-73.414,68.49,85,0,1.01,US,2022-09-15 04:59:53
120,Byron Bay,-28.65,153.6167,67.95,69,100,13.47,AU,2022-09-15 05:01:38
121,Honggang,46.4667,124.8667,75.96,55,96,8.28,CN,2022-09-15 05:01:39
122,Graaff-Reinet,-32.2522,24.5308,65.62,39,15,7.45,ZA,2022-09-15 05:01:39
123,Russell,32.3502,-85.1999,69.01,100,0,0.0,US,2022-09-15 05:01:40
124,Luderitz,-26.6481,15.1594,57.51,73,3,3.31,NA,2022-09-15 05:01:40
125,Tymovskoye,50.8456,142.655,58.93,49,68,12.53,RU,2022-09-15 05:01:41
126,Pisco,-13.7,-76.2167,57.58,90,13,1.41,PE,2022-09-15 05:01:41
127,Along,28.1667,94.7667,83.08,78,77,0.58,IN,2022-09-15 05:01:41
128,Sibolga,1.7427,98.7792,86.41,61,74,5.64,ID,2022-09-15 05:01:42
129,Yumen,40.2833,97.2,81.32,22,100,3.96,CN,2022-09-15 05:01:42
130,Qaanaaq,77.484,-69.3632,29.19,64,25,8.25,GL,2022-09-15 05:01:43
131,Kaeo,-35.1,173.7833,60.33,63,61,5.7,NZ,2022-09-15 05:01:43
132,Dumai,1.6833,101.45,92.17,49,96,1.28,ID,2022-09-15 05:01:43
133,Bijapur,16.8333,75.7,77.94,71,99,20.85,IN,2022-09-15 05:01:43
134,Labuhan,-6.8844,112.2051,87.42,58,31,6.89,ID,2022-09-15 05:02:44
135,Garden City,42.3256,-83.331,63.88,81,57,6.73,US,2022-09-15 04:57:57
136,Nacala,-14.5428,40.6728,76.53,65,75,10.92,MZ,2022-09-15 05:02:44
137,Wattegama,6.7989,81.4808,91.15,44,37,6.49,LK,2022-09-15 05:02:44
138,Mahebourg,-20.4081,57.7,74.25,66,35,15.17,MU,2022-09-15 05:02:44
139,Namibe,-15.1961,12.1522,64.69,93,81,6.64,AO,2022-09-15 05:02:45
140,Salalah,17.0151,54.0924,78.51,82,95,5.93,OM,2022-09-15 05:02:45
141,Karratha,-20.7377,116.8463,85.26,23,0,13.04,AU,2022-09-15 05:02:45
142,Hofn,64.2539,-15.2082,44.19,63,58,7.09,IS,2022-09-15 05:02:46
143,Vila Franca Do Campo,37.7167,-25.4333,77.2,95,95,7.61,PT,2022-09-15 05:02:46
144,Quelimane,-17.8786,36.8883,72.95,66,42,5.53,MZ,2022-09-15 05:02:46
145,Codrington,-38.2667,141.9667,62.26,61,1,14.47,AU,2022-09-15 05:02:47
146,Chingirlau,51.095,54.0814,66.02,24,100,17.98,KZ,2022-09-15 05:02:47
147,East London,-33.0153,27.9116,68.74,52,0,7.92,ZA,2022-09-15 05:02:48
148,Qaqortoq,60.7167,-46.0333,46.71,70,12,2.77,GL,2022-09-15 05:02:48
149,Algiers,36.7525,3.042,73.22,78,40,3.44,DZ,2022-09-15 05:02:21
150,Fagernes,60.9858,9.2324,37.85,93,73,3.27,NO,2022-09-15 05:02:48
151,Avera,33.194,-82.5271,65.71,65,0,6.38,US,2022-09-15 05:02:48
152,Palafrugell,41.9174,3.1631,69.71,83,16,1.01,ES,2022-09-15 05:02:49
153,Chernyshevskiy,63.0128,112.4714,45.05,74,91,6.46,RU,2022-09-15 05:02:49
154,Cidreira,-30.1811,-50.2056,57.72,93,33,1.32,BR,2022-09-15 05:02:50
155,Venice,27.0998,-82.4543,77.02,95,0,9.22,US,2022-09-15 05:00:04
156,Haverfordwest,51.8017,-4.9691,57.54,80,82,14.63,GB,2022-09-15 05:01:16
157,Mecca,21.4267,39.8261,91.94,27,53,2.57,SA,2022-09-15 04:58:45
158,Khatanga,71.9667,102.5,36.82,80,100,12.39,RU,2022-09-15 05:02:50
159,Mar Del Plata,-38.0023,-57.5575,53.1,96,0,11.99,AR,2022-09-15 05:00:08
160,Hami,42.8,93.45,82.17,13,0,7.63,CN,2022-09-15 05:02:50
161,Rantepao,-2.9701,119.8978,78.08,73,80,4.88,ID,2022-09-15 05:02:51
162,North Branch,45.5113,-92.9802,69.87,92,91,1.99,US,2022-09-15 05:02:51
163,Vuktyl,63.8567,57.3094,48.9,74,99,7.67,RU,2022-09-15 05:02:51
164,Alofi,-19.0595,-169.9187,76.51,77,9,17.72,NU,2022-09-15 05:02:51
165,Tahta,26.7693,31.5021,76.8,41,0,7.23,EG,2022-09-15 05:02:52
166,Kendari,-3.945,122.4989,80.96,80,99,4.7,ID,2022-09-15 05:02:52
167,Kedainiai,55.2883,23.9747,54.14,82,100,9.66,LT,2022-09-15 05:02:52
168,Constitucion,-35.3333,-72.4167,51.62,78,63,7.49,CL,2022-09-15 04:58:01
169,Griffith,41.5284,-87.4237,64.89,94,0,4.61,US,2022-09-15 05:02:53
170,Mount Isa,-20.7333,139.5,98.37,12,40,6.91,AU,2022-09-15 05:02:53
171,Uglegorsk,49.0833,142.0333,61.43,65,54,14.27,RU,2022-09-15 05:02:53
172,Billings,45.7833,-108.5007,60.73,68,63,1.01,US,2022-09-15 04:58:03
173,Karla,59.3723,24.9275,51.76,95,75,4.61,EE,2022-09-15 05:02:54
174,Vardo,70.3705,31.1107,42.78,87,100,23.02,NO,2022-09-15 05:02:39
175,Muzaffarabad,34.37,73.4711,82.17,59,0,3.62,PK,2022-09-15 05:02:54
176,Ambatolampy,-19.3833,47.4167,51.22,57,52,7.16,MG,2022-09-15 05:02:54
177,Butaritari,3.0707,172.7902,81.52,72,38,8.21,KI,2022-09-15 05:02:55
178,Half Moon Bay,37.4636,-122.4286,65.32,87,100,10.36,US,2022-09-15 05:02:55
179,Burnie,-41.0667,145.9167,54.91,92,100,10.42,AU,2022-09-15 05:02:55
180,Chkalovsk,56.7647,43.2433,51.58,96,100,12.01,RU,2022-09-15 05:02:56
181,Bouna,9.2667,-3.0,70.47,96,87,3.96,CI,2022-09-15 05:03:56
182,Portland,45.5234,-122.6762,67.48,73,100,3.44,US,2022-09-15 05:02:16
183,Fortuna,40.5982,-124.1573,58.35,87,79,2.82,US,2022-09-15 05:03:56
184,Bengkulu,-3.8004,102.2655,83.61,66,54,7.11,ID,2022-09-15 05:03:57
185,Chapais,49.7834,-74.8492,42.26,73,86,11.34,CA,2022-09-15 05:03:57
186,Adrar,20.5022,-10.0711,89.4,22,21,13.27,MR,2022-09-15 05:03:48
187,Carnarvon,-24.8667,113.6333,67.96,46,100,20.8,AU,2022-09-15 05:03:57
188,Cabo San Lucas,22.8909,-109.9124,82.62,83,6,6.85,MX,2022-09-15 05:00:03
189,Verkhoyansk,67.5447,133.385,42.96,51,99,2.3,RU,2022-09-15 05:03:58
190,Bereda,43.2686,-7.5406,59.58,100,16,0.47,ES,2022-09-15 05:03:58
191,Balabac,7.9868,117.0645,80.89,83,100,14.05,PH,2022-09-15 05:03:59
192,Aripuana,-9.1667,-60.6333,79.02,59,60,2.33,BR,2022-09-15 05:03:59
193,Great Yarmouth,52.6083,1.7305,54.95,68,100,11.36,GB,2022-09-15 05:03:59
194,Vammala,61.3333,22.9,52.57,96,100,7.74,FI,2022-09-15 05:04:00
195,Sitka,57.0531,-135.33,52.99,90,100,3.96,US,2022-09-15 05:04:00
196,Kaitangata,-46.2817,169.8464,49.57,62,76,18.5,NZ,2022-09-15 05:04:00
197,Provideniya,64.3833,-173.3,46.51,100,100,11.18,RU,2022-09-15 05:04:00
198,Kununurra,-15.7667,128.7333,102.18,25,40,9.22,AU,2022-09-15 05:04:01
199,Hong Gai,20.956,107.0946,91.31,57,80,6.2,VN,2022-09-15 05:04:01
200,Kirakira,-10.4544,161.9205,83.14,74,62,7.85,SB,2022-09-15 05:04:01
201,Saskylakh,71.9167,114.0833,35.98,94,100,10.49,RU,2022-09-15 05:04:01
202,Ucluelet,48.9329,-125.5528,55.09,89,2,4.05,CA,2022-09-15 05:04:02
203,Ust-Tsilma,65.441,52.1498,48.13,74,100,6.62,RU,2022-09-15 05:04:03
204,Todireni,47.6167,27.1167,64.24,72,99,5.14,RO,2022-09-15 05:04:03
205,Gat,31.61,34.7642,75.88,100,0,3.13,IL,2022-09-15 05:03:54
206,Saint Anthony,45.0205,-93.218,68.85,76,75,14.97,US,2022-09-15 05:04:03
207,Merauke,-8.4667,140.3333,82.9,78,45,16.75,ID,2022-09-15 05:04:04
208,Kashi,39.4547,75.9797,82.02,18,19,2.06,CN,2022-09-15 05:04:05
209,Westport,41.1415,-73.3579,72.75,83,0,6.91,US,2022-09-15 05:04:05
210,Khovu-Aksy,51.1333,93.6,46.35,70,91,7.14,RU,2022-09-15 05:04:06
211,Sault Sainte Marie,46.5168,-84.3333,44.06,76,27,5.86,CA,2022-09-15 05:01:18
212,Hirara,24.8,125.2833,83.01,76,100,12.08,JP,2022-09-15 05:04:06
213,Saint-Augustin,51.226,-58.6502,59.79,97,99,13.65,CA,2022-09-15 05:04:06
214,Nelson Bay,-32.7167,152.15,62.65,89,100,5.99,AU,2022-09-15 05:04:07
215,Sangmelima,2.9333,11.9833,67.41,99,100,3.31,CM,2022-09-15 05:04:07
216,Sao Filipe,14.8961,-24.4956,78.19,85,80,3.27,CV,2022-09-15 05:04:07
217,Tiznit,29.5833,-9.5,63.45,91,74,4.9,MA,2022-09-15 05:04:08
218,Saint George,37.1041,-113.5841,73.63,63,100,8.05,US,2022-09-15 05:00:48
219,Gondanglegi,-7.7479,112.0132,91.72,43,54,12.84,ID,2022-09-15 05:04:08
220,Kamyaran,34.7956,46.9355,72.19,23,0,1.39,IR,2022-09-15 05:04:09
221,Dicabisagan,17.0818,122.4157,88.38,63,8,5.19,PH,2022-09-15 05:04:09
222,Cutervo,-6.379,-78.8157,50.9,89,61,3.15,PE,2022-09-15 05:04:09
223,Clyde River,70.4692,-68.5914,35.83,93,100,4.61,CA,2022-09-15 05:04:10
224,Lamu,-2.2717,40.902,79.02,77,81,16.44,KE,2022-09-15 05:04:10
225,Walvis Bay,-22.9575,14.5053,53.1,100,0,5.75,NA,2022-09-15 04:59:44
226,Saldanha,-33.0117,17.9442,56.88,91,19,9.42,ZA,2022-09-15 05:04:10
227,Sawakin,19.1059,37.3321,88.9,56,100,0.63,SD,2022-09-15 05:05:11
228,Caravelas,-17.7125,-39.2481,72.18,92,16,7.63,BR,2022-09-15 05:05:11
229,Guerrero Negro,27.9769,-114.0611,71.62,84,0,17.58,MX,2022-09-15 05:05:11
230,Kruisfontein,-34.0033,24.7314,58.5,51,56,7.34,ZA,2022-09-15 05:05:12
231,Kidal,18.4411,1.4078,88.02,33,55,4.32,ML,2022-09-15 05:05:12
232,Coquimbo,-29.9533,-71.3436,56.34,78,48,4.81,CL,2022-09-15 05:03:12
233,Nautla,20.2167,-96.7833,75.29,89,16,5.46,MX,2022-09-15 05:05:13
234,Rajo Khanani,24.9841,68.8536,93.56,48,11,7.05,PK,2022-09-15 05:05:13
235,Khandagayty,50.7333,92.05,51.44,56,96,9.95,RU,2022-09-15 05:05:13
236,Toamasina,-18.1667,49.3833,70.92,71,70,9.48,MG,2022-09-15 05:05:14
237,Nome,64.5011,-165.4064,49.15,93,100,6.91,US,2022-09-15 05:02:26
238,Mount Gambier,-37.8333,140.7667,64.31,45,8,17.27,AU,2022-09-15 05:05:14
239,Pangody,65.85,74.4859,47.35,81,100,15.79,RU,2022-09-15 05:05:14
240,Padang,-0.9492,100.3543,85.08,67,79,6.06,ID,2022-09-15 05:00:40
241,Solginskiy,61.05,41.3428,49.05,97,100,6.31,RU,2022-09-15 05:05:15
242,Magaria,12.9983,8.9099,80.6,66,90,5.39,NE,2022-09-15 05:05:16
243,Santa Cruz Cabralia,-16.2781,-39.0247,71.83,94,40,4.61,BR,2022-09-15 05:05:16
244,Cockburn Town,21.4612,-71.1419,83.82,69,100,19.28,TC,2022-09-15 05:05:16
245,Vilhena,-12.7406,-60.1458,66.87,85,88,7.92,BR,2022-09-15 05:05:16
246,Bairiki,1.3292,172.9752,84.2,70,75,12.66,KI,2022-09-15 05:05:17
247,Sokolovyy,51.5686,45.8331,53.35,98,35,12.3,RU,2022-09-15 05:05:17
248,Castro,-24.7911,-50.0119,54.25,98,99,4.85,BR,2022-09-15 05:05:18
249,Atar,20.5169,-13.0499,89.13,25,9,12.37,MR,2022-09-15 05:05:18
250,Te Anau,-45.4167,167.7167,44.87,80,94,5.97,NZ,2022-09-15 05:05:18
251,Esperance,-33.8667,121.9,57.04,79,55,26.33,AU,2022-09-15 05:05:19
252,Dunda,-8.1167,34.25,65.34,54,29,2.75,TZ,2022-09-15 05:05:19
253,Mikhaylovskoye,51.8239,79.7172,56.17,34,11,9.55,RU,2022-09-15 05:05:19
254,Filadelfia,39.9523,-75.1638,70.09,81,7,4.07,US,2022-09-15 05:00:28
255,La Palma,33.8464,-118.0467,73.42,81,75,1.99,US,2022-09-15 05:05:20
256,Asyut,27.181,31.1837,76.68,42,0,7.23,EG,2022-09-15 05:05:20
257,Kroya,-7.6331,109.2461,82.18,71,67,13.8,ID,2022-09-15 05:05:21
258,Kurkino,53.4257,38.6582,47.53,93,100,9.33,RU,2022-09-15 05:05:21
259,Mantes-La-Ville,48.9737,1.7025,60.06,92,100,5.26,FR,2022-09-15 05:05:21
260,Marzuq,14.4,46.4667,81.81,48,88,5.77,YE,2022-09-15 05:05:22
261,Geraldton,-28.7667,114.6,68.41,49,100,11.5,AU,2022-09-15 05:02:35
262,Colesberg,-30.72,25.0972,55.72,49,0,2.82,ZA,2022-09-15 05:05:22
263,Ozernovskiy,51.5,156.5167,50.74,71,48,5.57,RU,2022-09-15 05:05:22
264,Lebu,-37.6167,-73.65,49.98,85,100,6.49,CL,2022-09-15 05:05:22
265,Azanka,58.0401,64.7893,57.85,50,95,4.94,RU,2022-09-15 05:05:23
266,Mandalgovi,45.7625,106.2708,75.56,28,10,10.22,MN,2022-09-15 05:05:23
267,Qom,34.6401,50.8764,86.43,18,0,7.4,IR,2022-09-15 05:05:24
268,Port Blair,11.6667,92.75,84.24,79,75,9.22,IN,2022-09-15 05:05:24
269,Karpogory,64.0019,44.4451,47.05,95,100,6.67,RU,2022-09-15 05:05:24
270,Tevriz,57.509,72.4042,56.3,64,82,0.69,RU,2022-09-15 05:05:25
271,Tra Vinh,9.9347,106.3453,87.53,64,90,12.21,VN,2022-09-15 05:05:25
272,Pangai,-19.8,-174.35,77.56,82,54,12.17,TO,2022-09-15 05:05:25
273,Sorland,67.667,12.6934,51.66,75,95,16.89,NO,2022-09-15 05:05:26
274,Kahului,20.8947,-156.47,79.84,78,22,1.99,US,2022-09-15 05:03:40
275,Lagoa,39.05,-27.9833,74.07,78,100,27.78,PT,2022-09-15 05:06:26
276,Hobyo,5.3505,48.5268,78.58,79,82,20.69,SO,2022-09-15 05:06:26
277,Baykit,61.67,96.37,47.39,77,99,4.76,RU,2022-09-15 05:06:26
278,Nanortalik,60.1432,-45.2371,46.89,78,43,5.01,GL,2022-09-15 05:06:27
279,Fare,-16.7,-151.0167,77.81,74,22,21.92,PF,2022-09-15 05:06:27
280,Etchojoa,26.9167,-109.6333,84.27,66,0,5.55,MX,2022-09-15 05:06:27
281,Flinders,-34.5833,150.8552,62.38,76,100,7.09,AU,2022-09-15 05:06:28
282,Tazovskiy,67.4667,78.7,47.46,77,100,18.28,RU,2022-09-15 05:06:28
283,Sawang Daen Din,17.4753,103.4575,88.18,99,79,6.85,TH,2022-09-15 05:06:28
284,Lavrentiya,65.5833,-171.0,44.44,94,96,14.2,RU,2022-09-15 05:06:28
285,Muzaffarpur,26.1167,85.4,85.66,71,96,7.31,IN,2022-09-15 05:06:29
286,Bubaque,11.2833,-15.8333,78.24,86,100,10.65,GW,2022-09-15 05:06:26
287,Vila Velha,-20.3297,-40.2925,73.35,83,100,9.22,BR,2022-09-15 05:06:29
288,Kathu,7.9178,98.3332,87.62,99,59,10.65,TH,2022-09-15 05:06:29
289,Shizunai,42.3339,142.3669,68.47,69,75,5.32,JP,2022-09-15 05:06:30
290,Azare,11.6765,10.1948,74.07,85,83,7.43,NG,2022-09-15 05:06:30
291,Cortez,37.3489,-108.5859,54.36,96,100,0.0,US,2022-09-15 05:06:30
292,Ancud,-41.8697,-73.8203,54.23,93,100,22.79,CL,2022-09-15 05:06:31
293,Airai,-8.9266,125.4092,79.38,36,25,5.12,TL,2022-09-15 05:06:31
294,Asau,46.4333,26.4,61.72,64,80,12.59,RO,2022-09-15 05:06:31
295,Mokhsogollokh,61.4681,128.9203,51.76,55,98,10.36,RU,2022-09-15 05:06:32
296,Sudak,44.85,34.9667,67.55,71,99,12.3,UA,2022-09-15 05:04:18
297,Wanxian,30.8039,108.3897,82.58,57,93,3.24,CN,2022-09-15 05:05:13
298,Mildura,-34.2,142.15,68.07,40,0,18.34,AU,2022-09-15 05:06:32
299,Konstantinovsk,47.5828,41.0922,61.54,73,90,12.95,RU,2022-09-15 05:06:33
300,Garowe,8.4054,48.4845,79.5,54,95,26.8,SO,2022-09-15 05:06:33
301,Gazanjyk,39.2446,55.5154,79.74,52,70,16.58,TM,2022-09-15 05:06:33
302,Mizan Teferi,6.9833,35.5833,64.87,89,100,2.17,ET,2022-09-15 05:06:34
303,Srednekolymsk,67.45,153.6833,46.09,44,41,10.71,RU,2022-09-15 05:06:34
304,Kieta,-6.2167,155.6333,80.17,83,93,4.68,PG,2022-09-15 05:06:34
305,Boguchany,58.3814,97.4531,55.24,41,88,3.53,RU,2022-09-15 05:06:35
306,Rey Bouba,8.6724,14.1786,71.15,96,100,1.5,CM,2022-09-15 05:06:35
307,Bloomingdale,27.8936,-82.2404,76.26,96,100,5.73,US,2022-09-15 05:06:35
308,Berlevag,70.8578,29.0864,44.6,70,100,21.85,NO,2022-09-15 05:03:14
309,Laguna,38.421,-121.4238,67.44,74,0,10.36,US,2022-09-15 05:06:36
310,Praia,14.9215,-23.5087,79.11,84,74,6.15,CV,2022-09-15 05:06:36
311,Port Alfred,-33.5906,26.891,60.19,85,9,3.0,ZA,2022-09-15 05:06:36
312,Zelenoborskiy,66.845,32.3622,48.6,88,100,12.33,RU,2022-09-15 05:06:37
313,Miri,4.4148,114.0089,82.83,73,100,2.1,MY,2022-09-15 05:06:37
314,Otacilio Costa,-27.4831,-50.1219,49.35,99,100,2.06,BR,2022-09-15 05:06:37
315,Jijiga,9.35,42.8,65.07,75,95,17.25,ET,2022-09-15 05:06:38
316,Zell Am See,47.3256,12.7944,61.0,48,100,2.3,AT,2022-09-15 05:06:38
317,Kangaatsiaq,68.3065,-53.4641,41.0,96,100,13.0,GL,2022-09-15 05:06:38
318,Sao Joao Da Barra,-21.6403,-41.0511,67.6,94,45,8.39,BR,2022-09-15 05:06:38
319,Voh,-20.9667,164.7,72.99,71,68,8.79,NC,2022-09-15 05:06:39
320,Kataysk,56.289,62.5841,58.62,42,98,11.77,RU,2022-09-15 05:06:39
321,Roald,62.5833,6.1333,52.75,93,75,14.97,NO,2022-09-15 05:07:39
322,Nemuro,43.3236,145.575,64.17,48,99,2.51,JP,2022-09-15 05:07:40
323,Ikovka,55.6089,64.9375,59.29,40,95,8.34,RU,2022-09-15 05:07:40
324,Bathsheba,13.2167,-59.5167,79.41,89,20,5.75,BB,2022-09-15 05:07:40
325,San Andres,12.5847,-81.7006,80.62,94,40,4.61,CO,2022-09-15 05:07:41
326,Soledad,10.9184,-74.7646,78.93,94,40,3.44,CO,2022-09-15 05:07:41
327,Vestmanna,62.1564,-7.1664,45.52,87,75,8.05,FO,2022-09-15 05:07:41
328,Grand Gaube,-20.0064,57.6608,74.37,64,49,7.0,MU,2022-09-15 05:07:42
329,Havre-Saint-Pierre,50.2334,-63.5986,55.76,100,100,11.5,CA,2022-09-15 05:07:42
330,Morganton,35.7454,-81.6848,62.46,92,0,1.01,US,2022-09-15 05:07:42
331,Yerbogachen,61.2767,108.0108,49.59,64,73,8.3,RU,2022-09-15 05:07:42
332,Ginda,30.6945,78.4932,65.3,92,100,0.51,IN,2022-09-15 05:07:43
333,Zilupe,56.3862,28.1217,48.51,94,34,6.55,LV,2022-09-15 05:07:43
334,Tibiao,11.2915,122.0354,81.16,83,93,9.06,PH,2022-09-15 05:07:43
335,Yarmouth,41.7057,-70.2286,69.96,75,0,8.05,US,2022-09-15 05:07:43
336,Mbuji-Mayi,-6.15,23.6,70.86,90,100,1.9,CD,2022-09-15 05:07:44
337,Dwarka,22.2394,68.9678,81.97,87,99,17.29,IN,2022-09-15 05:07:44
338,Pacific Grove,36.6177,-121.9166,64.42,87,0,3.44,US,2022-09-15 05:07:45
339,Goderich,43.7501,-81.7165,54.91,79,25,7.09,CA,2022-09-15 05:07:45
340,Ponta Delgada,37.7333,-25.6667,77.5,100,75,9.22,PT,2022-09-15 05:07:45
341,Ballina,-28.8667,153.5667,67.01,79,100,13.02,AU,2022-09-15 05:07:46
342,Birnin Kebbi,12.4539,4.1975,78.04,82,90,5.82,NG,2022-09-15 05:07:46
343,La Ronge,55.1001,-105.2842,50.25,66,0,8.14,CA,2022-09-15 05:07:46
344,Langbank,55.9236,-4.5926,51.87,90,38,5.75,GB,2022-09-15 05:07:47
345,Morros,-9.4467,-46.3003,75.67,28,13,0.83,BR,2022-09-15 05:07:47
346,Capreol,46.706,-80.9225,45.55,78,0,5.08,CA,2022-09-15 05:07:47
347,Mutis,6.2262,-77.4044,76.86,84,100,2.39,CO,2022-09-15 05:07:47
348,Honningsvag,70.9821,25.9704,44.35,70,75,18.41,NO,2022-09-15 05:06:32
349,Humboldt,40.6665,-123.9178,49.55,94,88,1.66,US,2022-09-15 05:07:48
350,Kaka,37.3482,59.6143,83.53,12,0,4.76,TM,2022-09-15 05:07:48
351,Nuuk,64.1835,-51.7216,45.21,93,100,17.27,GL,2022-09-15 05:07:49
352,Lac Du Bonnet,50.2536,-96.0612,56.34,58,100,8.5,CA,2022-09-15 05:03:28
353,Lasa,46.6166,10.7002,56.35,93,83,2.15,IT,2022-09-15 05:07:49
354,Bolshaya Dzhalga,45.9695,42.6966,62.92,69,76,14.18,RU,2022-09-15 05:07:49
355,Port Shepstone,-30.7414,30.455,69.17,52,1,8.23,ZA,2022-09-15 05:07:50
356,Hambantota,6.1241,81.1185,86.34,70,75,11.5,LK,2022-09-15 05:07:50
357,Iskitim,54.6366,83.3045,54.32,39,97,6.93,RU,2022-09-15 05:07:50
358,Murska Sobota,46.6625,16.1664,67.82,84,100,8.05,SI,2022-09-15 05:07:51
359,Salinopolis,-0.6136,-47.3561,78.35,84,6,8.9,BR,2022-09-15 05:07:51
360,Tambo,-14.8,-73.9167,34.68,20,36,5.19,PE,2022-09-15 05:07:51
361,Luganville,-15.5333,167.1667,80.82,75,37,9.1,VU,2022-09-15 05:07:51
362,Teeli,51.0333,90.2333,46.76,68,100,1.79,RU,2022-09-15 05:07:52
363,Peddapalli,18.6167,79.3667,82.9,72,98,13.73,IN,2022-09-15 05:07:52
364,Kutum,14.2,24.6667,75.27,64,60,5.26,SD,2022-09-15 05:07:52
365,Chon Daen,16.1895,100.8596,84.92,73,99,3.4,TH,2022-09-15 05:07:53
366,Mersing,2.4312,103.8405,83.1,72,100,3.53,MY,2022-09-15 05:07:53
367,Great Bend,38.3645,-98.7648,78.62,54,0,13.8,US,2022-09-15 05:08:53
368,Port Lincoln,-34.7333,135.8667,57.79,65,96,25.37,AU,2022-09-15 05:08:53
369,Ambon,-3.6954,128.1814,86.14,74,40,3.44,ID,2022-09-15 05:08:54
370,Sukhothai,17.25,99.6667,88.18,63,71,3.78,TH,2022-09-15 05:08:54
371,Chase,50.8165,-119.6857,60.33,87,98,1.83,CA,2022-09-15 05:08:55
372,Zhangye,38.9342,100.4517,79.84,30,100,3.98,CN,2022-09-15 05:08:55
373,Constantine,36.365,6.6147,78.21,33,0,2.3,DZ,2022-09-15 05:07:42
374,Evinayong,1.4368,10.5512,67.37,99,97,1.86,GQ,2022-09-15 05:08:55
375,Miguel Pereira,-22.4539,-43.4689,62.53,98,100,4.29,BR,2022-09-15 05:08:56
376,Petropavlovka,50.6114,105.3196,54.91,64,92,3.47,RU,2022-09-15 05:08:56
377,Ponta Do Sol,32.6667,-17.1,72.23,83,0,3.09,PT,2022-09-15 05:08:56
378,Weyburn,49.6668,-103.8511,57.27,69,100,10.33,CA,2022-09-15 05:06:45
379,Guiratinga,-16.3494,-53.7583,71.94,79,21,6.8,BR,2022-09-15 05:08:56
380,San Borja,-14.8167,-66.85,59.65,98,99,4.14,BO,2022-09-15 05:08:57
381,Batagay-Alyta,67.8006,130.4114,37.96,59,82,3.02,RU,2022-09-15 05:08:57
382,Red Bluff,40.1785,-122.2358,70.68,49,40,0.0,US,2022-09-15 05:08:57
383,Sur,22.5667,59.5289,92.73,45,16,8.63,OM,2022-09-15 05:08:58
384,Korla,41.7597,86.1469,80.64,18,0,3.02,CN,2022-09-15 05:08:58
385,Souillac,-20.5167,57.5167,72.7,64,20,14.43,MU,2022-09-15 05:08:58
386,Comodoro Rivadavia,-45.8667,-67.5,49.86,66,0,8.05,AR,2022-09-15 05:08:59
387,Tuatapere,-46.1333,167.6833,47.68,76,93,14.7,NZ,2022-09-15 05:05:13
388,Hvide Sande,56.0045,8.1294,54.09,65,61,28.27,DK,2022-09-15 05:08:59
389,Wanning,18.8003,110.3967,87.44,68,8,4.99,CN,2022-09-15 05:08:59
390,Nishihara,26.1842,127.7558,89.26,74,75,14.97,JP,2022-09-15 05:08:59
391,Koudougou,12.25,-2.3667,75.25,85,79,7.61,BF,2022-09-15 05:09:00
392,Krasnoselkup,65.7,82.4667,49.23,74,100,16.49,RU,2022-09-15 05:09:00
393,Yulara,-25.2406,130.9889,77.04,12,1,12.06,AU,2022-09-15 05:09:00
394,Sivas,39.7916,37.0019,54.23,76,0,2.3,TR,2022-09-15 05:09:01
395,Gornopravdinsk,60.05,69.9,57.16,60,88,3.69,RU,2022-09-15 05:09:01
396,Anzio,41.4853,12.6179,73.45,80,100,9.17,IT,2022-09-15 05:09:01
397,Ximei,24.9639,118.3794,95.07,36,5,4.09,CN,2022-09-15 05:09:02
398,Linqiong,30.4159,103.4609,74.71,74,97,2.06,CN,2022-09-15 05:09:02
399,San Patricio,28.017,-97.5169,83.84,75,0,5.99,US,2022-09-15 05:09:02
400,Kilindoni,-7.9139,39.6668,76.26,73,87,9.13,TZ,2022-09-15 05:09:03
401,Saint-Gaudens,43.0833,0.6667,60.03,68,88,5.32,FR,2022-09-15 05:09:03
402,Richards Bay,-28.783,32.0377,64.96,74,0,13.56,ZA,2022-09-15 05:09:03
403,Karsava,56.7841,27.6883,48.88,94,27,8.03,LV,2022-09-15 05:09:04
404,Altar,30.7,-111.8167,80.64,50,0,5.12,MX,2022-09-15 05:09:04
405,Jasper,37.2001,-94.3502,68.99,71,0,5.75,US,2022-09-15 05:09:04
406,Oranjestad,12.524,-70.027,84.15,79,20,17.27,AW,2022-09-15 05:07:19
407,Parrita,9.5201,-84.3225,77.5,86,99,1.81,CR,2022-09-15 05:09:05
408,San Cristobal,7.7669,-72.225,69.98,94,44,1.61,VE,2022-09-15 05:09:05
409,Beloha,-25.1667,45.05,69.76,69,0,14.5,MG,2022-09-15 05:09:05
410,Simnas,54.4,23.65,51.85,85,100,8.12,LT,2022-09-15 05:09:06
411,Svetlogorsk,52.6333,29.7333,50.77,89,88,4.16,BY,2022-09-15 05:09:06
412,Angoche,-16.2325,39.9086,74.64,72,100,10.22,MZ,2022-09-15 05:09:07
413,Praia Da Vitoria,38.7333,-27.0667,74.75,99,99,18.32,PT,2022-09-15 05:10:07
414,Takoradi,4.8845,-1.7554,73.76,92,100,6.17,GH,2022-09-15 05:10:07
415,Guiyang,26.5833,106.7167,78.42,63,98,7.72,CN,2022-09-15 05:10:07
416,Tigil,57.8,158.6667,49.8,53,100,5.03,RU,2022-09-15 05:10:08
417,Mont-Dore,-22.2833,166.5833,73.38,71,77,7.83,NC,2022-09-15 05:10:08
418,Mosquera,4.7059,-74.2302,53.69,100,40,2.3,CO,2022-09-15 05:10:08
419,Imbituba,-28.24,-48.6703,63.86,92,100,8.88,BR,2022-09-15 05:10:08
420,Union,40.6334,-74.2663,74.1,75,0,12.66,US,2022-09-15 05:10:09
421,Natal,-5.795,-35.2094,74.05,94,20,4.61,BR,2022-09-15 05:07:44
422,Komsomolskiy,40.4272,71.7189,79.52,29,0,2.3,UZ,2022-09-15 05:10:09
423,Vostok,46.4856,135.8833,63.97,51,100,3.13,RU,2022-09-15 05:10:09
424,Ahipara,-35.1667,173.1667,55.47,56,7,7.09,NZ,2022-09-15 05:10:10
425,Khilok,51.3674,110.4676,46.63,86,100,4.85,RU,2022-09-15 05:10:10
426,Iqaluit,63.7506,-68.5145,40.69,80,100,4.0,CA,2022-09-15 05:10:10
427,Vadinsk,53.6916,43.0574,52.32,92,100,9.37,RU,2022-09-15 05:10:11
428,Ingham,42.6,-84.3833,60.42,94,0,0.0,US,2022-09-15 05:10:11
429,Katsuura,35.1333,140.3,75.34,63,94,12.37,JP,2022-09-15 05:06:41
430,Marsh Harbour,26.5412,-77.0636,84.16,72,100,11.03,BS,2022-09-15 05:10:11
431,Tiksi,71.6872,128.8694,37.45,67,100,14.99,RU,2022-09-15 05:10:12
432,Roccastrada,43.0099,11.1665,74.89,97,96,3.06,IT,2022-09-15 05:10:12
433,Porto Seguro,-16.4497,-39.0647,72.12,94,40,4.61,BR,2022-09-15 05:10:12
434,Zholymbet,51.7433,71.7122,53.22,38,47,1.41,KZ,2022-09-15 05:10:12
435,Tabuk,17.4189,121.4443,89.06,54,3,3.69,PH,2022-09-15 05:10:13
436,Balkhash,46.844,74.9804,56.01,30,0,22.37,KZ,2022-09-15 05:10:13
437,Terre-De-Bas,15.8501,-61.6442,76.51,78,61,14.5,GP,2022-09-15 05:10:13
438,Boende,-0.2167,20.8667,70.12,92,100,2.42,CD,2022-09-15 05:10:14
439,Inuvik,68.3499,-133.7218,43.77,70,100,7.47,CA,2022-09-15 05:10:14
440,Buala,-8.145,159.5921,83.91,71,27,6.91,SB,2022-09-15 05:10:14
441,Leningradskiy,69.3833,178.4167,35.42,99,100,4.38,RU,2022-09-15 05:10:15
442,Bilibino,68.0546,166.4372,36.82,78,100,4.16,RU,2022-09-15 05:10:15
443,Beringovskiy,63.05,179.3167,44.89,95,100,18.45,RU,2022-09-15 05:10:15
444,Ishigaki,24.3448,124.1572,82.15,75,100,6.53,JP,2022-09-15 05:10:15
445,Taoudenni,22.6783,-3.9836,91.06,9,0,5.39,ML,2022-09-15 05:10:16
446,Turukhansk,65.8167,87.9833,47.19,81,100,7.61,RU,2022-09-15 05:10:16
447,Los Llanos De Aridane,28.6585,-17.9182,69.55,90,40,12.66,ES,2022-09-15 05:10:16
448,Prado,-17.3411,-39.2208,70.9,95,19,9.33,BR,2022-09-15 05:10:16
449,Egvekinot,66.3167,-179.1667,35.02,94,100,15.1,RU,2022-09-15 05:10:17
450,Marsabit,2.3284,37.9899,62.17,71,48,22.5,KE,2022-09-15 05:10:17
451,Nalut,30.3333,10.85,77.34,28,0,9.01,LY,2022-09-15 05:10:17
452,Dhadar,28.3305,75.0632,86.61,61,69,10.47,IN,2022-09-15 05:10:17
453,Port Hedland,-20.3167,118.5667,87.85,15,0,12.66,AU,2022-09-15 05:10:18
454,Brae,60.3964,-1.353,50.63,69,36,19.28,GB,2022-09-15 05:10:18
455,Atambua,-9.1061,124.8925,85.78,47,43,1.9,ID,2022-09-15 05:10:18
456,Erenhot,43.6475,111.9767,79.75,23,74,4.65,CN,2022-09-15 05:10:18
457,Hanmer Springs,-42.5167,172.8167,51.21,50,0,5.46,NZ,2022-09-15 05:10:19
458,Kondopoga,62.2057,34.2614,51.48,95,98,6.71,RU,2022-09-15 05:10:19
459,Yagodnoye,62.55,149.6667,48.16,41,93,3.51,RU,2022-09-15 05:11:19
460,Lagunillas,10.1301,-71.2595,78.75,81,75,3.71,VE,2022-09-15 05:11:20
461,Kautokeino,69.0125,23.0412,36.63,100,100,17.81,NO,2022-09-15 05:11:20
462,Angoram,-4.0625,144.0661,91.72,49,15,8.05,PG,2022-09-15 05:11:21
463,Xuddur,4.1213,43.8894,75.36,60,62,18.41,SO,2022-09-15 05:11:21
464,Bure,10.7,37.0667,58.64,92,99,1.59,ET,2022-09-15 05:11:21
465,Narsaq,60.9167,-46.05,43.02,63,24,5.23,GL,2022-09-15 05:11:22
466,Nouadhibou,20.931,-17.0347,73.29,81,100,23.06,MR,2022-09-15 05:11:22
467,Marystown,47.1666,-55.1483,59.45,98,96,11.54,CA,2022-09-15 05:10:03
468,Soyo,-6.1349,12.3689,72.86,88,92,5.41,AO,2022-09-15 05:11:22
469,Tengzhou,35.0771,117.1518,75.16,78,100,18.79,CN,2022-09-15 05:10:07
470,Nisia Floresta,-6.0911,-35.2086,74.21,86,26,7.78,BR,2022-09-15 05:11:23
471,Haines Junction,60.7522,-137.5108,37.35,93,100,1.14,CA,2022-09-15 05:11:23
472,Les Cayes,18.2,-73.75,78.13,81,59,4.14,HT,2022-09-15 05:11:23
473,Vero Beach,27.6386,-80.3973,78.98,87,20,0.0,US,2022-09-15 05:09:51
474,Matagami,49.7502,-77.6328,42.15,62,100,9.55,CA,2022-09-15 05:11:25
475,Touros,-5.1989,-35.4608,76.28,77,12,14.9,BR,2022-09-15 05:11:25
476,Dhidhdhoo,6.8833,73.1,80.6,74,41,5.5,MV,2022-09-15 05:11:26
477,Lulea,65.5842,22.1547,50.07,100,75,10.36,SE,2022-09-15 05:11:26
478,Forestville,38.8451,-76.875,67.48,89,0,4.61,US,2022-09-15 05:11:26
479,Baruun-Urt,46.6806,113.2792,81.32,22,73,2.84,MN,2022-09-15 05:11:27
480,Foumban,5.7291,10.9001,62.85,96,100,1.92,CM,2022-09-15 05:11:27
481,Kismayo,-0.3582,42.5454,77.41,77,48,16.84,SO,2022-09-15 05:11:27
482,Wiang Sa,8.6359,99.3666,86.86,66,96,5.77,TH,2022-09-15 05:11:28
483,Saint-Joseph,-21.3667,55.6167,73.78,62,22,10.42,RE,2022-09-15 05:11:28
484,Sembabule,-0.0772,31.4567,67.66,80,98,0.87,UG,2022-09-15 05:11:28
485,Alta Floresta,-9.8756,-56.0861,78.73,46,81,1.28,BR,2022-09-15 05:11:28
486,Daru,-9.0763,143.2092,81.84,80,53,14.14,PG,2022-09-15 05:11:29
487,Lompoc,34.6391,-120.4579,62.56,88,40,6.91,US,2022-09-15 05:09:28
488,Evensk,61.95,159.2333,48.78,54,39,4.99,RU,2022-09-15 05:11:29
489,Stoughton,42.1251,-71.1023,66.78,87,0,5.75,US,2022-09-15 05:11:29
490,Necochea,-38.5473,-58.7368,49.89,76,0,13.0,AR,2022-09-15 05:11:29
491,Wakkanai,45.4094,141.6739,65.5,70,100,9.75,JP,2022-09-15 05:11:30
492,Batticaloa,7.7102,81.6924,83.71,70,8,5.82,LK,2022-09-15 05:11:30
493,Isangel,-19.55,169.2667,75.63,77,59,14.27,VU,2022-09-15 05:11:30
494,Maracacume,-2.0428,-45.9592,71.46,99,12,3.49,BR,2022-09-15 05:11:31
495,Kjollefjord,70.9457,27.3465,44.65,70,75,11.5,NO,2022-09-15 05:11:31
496,Nizhniy Odes,63.6445,54.856,46.78,81,100,6.64,RU,2022-09-15 05:11:31
497,Okhotsk,59.3833,143.3,53.53,55,84,5.53,RU,2022-09-15 05:11:32
498,Oranjemund,-28.55,16.4333,57.22,74,1,3.98,NA,2022-09-15 05:11:32
499,Matadi,-5.8167,13.45,75.09,78,92,1.41,CD,2022-09-15 05:11:32
500,Acari,-15.4311,-74.6158,61.36,73,39,2.89,PE,2022-09-15 05:11:33
501,Zenzeli,45.9241,47.0474,64.0,54,77,12.59,RU,2022-09-15 05:11:33
502,Panaba,21.2833,-88.2667,75.85,93,95,6.29,MX,2022-09-15 05:11:33
503,Port Pirie,-33.1833,138.0167,67.1,40,39,20.13,AU,2022-09-15 05:12:33
504,Palauig,15.435,119.9045,84.29,69,22,7.07,PH,2022-09-15 05:12:34
505,Kaniama,-7.5667,24.1833,68.94,84,100,2.48,CD,2022-09-15 05:12:34
506,Novyy Svit,47.8059,38.0211,60.1,71,100,9.19,UA,2022-09-15 05:12:34
507,Grindavik,63.8424,-22.4338,37.87,93,0,8.05,IS,2022-09-15 05:12:34
508,Pathein,16.7833,94.7333,84.87,71,92,11.63,MM,2022-09-15 05:12:35
509,Broome,42.2506,-75.833,60.19,89,20,5.75,US,2022-09-15 05:12:35
510,Leova,46.4786,28.2553,66.49,47,61,6.08,MD,2022-09-15 05:12:35
511,Astana,51.1801,71.446,53.55,40,0,4.47,KZ,2022-09-15 05:12:35
512,Tezu,27.9167,96.1667,84.24,77,53,4.21,IN,2022-09-15 05:10:23
513,Rocha,-34.4833,-54.3333,45.1,95,0,1.36,UY,2022-09-15 05:12:36
514,Karaton,-6.3424,106.1045,86.43,60,61,2.01,ID,2022-09-15 05:12:36
515,Wuning,29.2589,120.2311,82.51,64,92,7.7,CN,2022-09-15 05:12:36
516,Nong Ki,14.6868,102.538,88.02,65,86,6.33,TH,2022-09-15 05:12:37
517,Namtsy,62.7161,129.6658,49.06,71,96,12.88,RU,2022-09-15 05:12:37
518,Keuruu,62.2667,24.7,50.81,97,73,6.87,FI,2022-09-15 05:12:37
519,Kurmanayevka,52.5093,52.0675,55.99,69,100,18.19,RU,2022-09-15 05:12:38
520,Grabovo,53.3875,45.064,50.14,91,72,7.81,RU,2022-09-15 05:12:38
521,Fairlie,55.756,-4.8556,50.4,85,15,1.99,GB,2022-09-15 05:12:38
522,Arica,-18.475,-70.3042,57.43,72,100,3.44,CL,2022-09-15 05:12:39
523,Tutoia,-2.7619,-42.2744,78.15,81,25,12.95,BR,2022-09-15 05:12:39
524,Plavsk,53.7094,37.2919,47.73,93,100,8.57,RU,2022-09-15 05:12:39
525,Morondava,-20.2833,44.2833,74.62,73,13,8.01,MG,2022-09-15 05:12:39
526,Itarema,-2.9248,-39.9167,77.45,85,23,15.99,BR,2022-09-15 05:12:40
527,Kanashevo,55.2169,62.0634,57.76,45,92,9.84,RU,2022-09-15 05:12:40
528,Hualmay,-11.0964,-77.6139,60.49,84,80,8.03,PE,2022-09-15 05:12:40
529,Urbana,40.1106,-88.2073,64.06,92,0,3.44,US,2022-09-15 05:12:40
530,Heihe,50.2441,127.4902,66.78,35,78,12.88,CN,2022-09-15 05:12:41
531,Mahon,39.8885,4.2658,77.56,73,40,3.44,ES,2022-09-15 05:12:41
532,Kaihua,23.3687,104.28,75.0,71,99,4.7,CN,2022-09-15 05:12:41
533,Havoysund,70.9963,24.6622,44.83,81,100,23.53,NO,2022-09-15 05:12:42
534,Vermilion,40.1667,-87.7506,64.56,94,0,0.0,US,2022-09-15 05:12:42
535,Kibala,9.1104,18.3463,71.87,97,97,4.36,TD,2022-09-15 05:12:42
536,Aguimes,27.9054,-15.4461,70.43,73,20,15.01,ES,2022-09-15 05:12:42
537,Faya,18.3851,42.4509,75.72,41,22,4.07,SA,2022-09-15 05:12:43
538,Flin Flon,54.7682,-101.865,43.38,96,18,5.7,CA,2022-09-15 05:12:43
539,Shitanjing,39.2342,106.3439,70.48,49,11,10.56,CN,2022-09-15 05:12:43
540,Hanyang,32.1371,105.5126,70.63,74,88,4.45,CN,2022-09-15 05:12:44
541,Maldonado,-34.6667,-54.9167,49.39,91,0,4.18,UY,2022-09-15 05:12:44
542,Plettenberg Bay,-34.0527,23.3716,59.92,58,61,4.79,ZA,2022-09-15 05:12:44
543,Husavik,66.0449,-17.3389,39.49,76,6,2.53,IS,2022-09-15 05:12:44
544,Altay,47.8667,88.1167,45.5,73,96,7.16,CN,2022-09-15 05:12:45
545,Triunfo,-29.9433,-51.7181,52.99,97,25,2.82,BR,2022-09-15 05:12:45
546,Rabo De Peixe,37.8,-25.5833,76.28,87,75,9.22,PT,2022-09-15 05:12:45
547,Xinyu,27.8043,114.9334,91.8,32,0,6.55,CN,2022-09-15 05:12:45
548,Vestmannaeyjar,63.4427,-20.2734,46.08,71,2,8.48,IS,2022-09-15 05:13:46
549,Hurghada,27.2574,33.8129,78.78,51,0,21.94,EG,2022-09-15 05:13:46
550,Ewa Beach,21.3156,-158.0072,80.55,63,40,6.91,US,2022-09-15 05:13:46
551,Deputatskiy,69.3,139.9,32.58,92,100,3.91,RU,2022-09-15 05:13:46
552,Urusha,54.05,122.9,41.18,95,100,4.0,RU,2022-09-15 05:13:47
553,Baker City,44.7749,-117.8344,62.6,55,75,11.5,US,2022-09-15 05:13:31
554,Minas De Barroteran,27.6333,-101.2833,78.93,61,21,13.31,MX,2022-09-15 05:13:47
555,Bhindar,24.5,74.1833,82.65,70,71,6.44,IN,2022-09-15 05:13:47
556,Igdir,39.9237,44.045,67.19,37,20,13.8,TR,2022-09-15 05:13:48
557,San Quintin,30.4833,-115.95,67.66,85,46,15.05,MX,2022-09-15 05:13:48
558,Chumikan,54.7183,135.315,57.15,44,76,4.41,RU,2022-09-15 05:13:48
559,Ust-Kuyga,70.0167,135.6,39.0,59,95,9.04,RU,2022-09-15 05:13:48
560,Carballo,43.213,-8.691,65.01,94,56,1.48,ES,2022-09-15 05:13:49
561,Palana,59.1167,159.9667,42.51,72,91,8.14,RU,2022-09-15 05:13:49
562,San Francisco Del Mar,16.2333,-94.65,78.1,87,100,8.19,MX,2022-09-15 05:13:49
563,Petropavlovsk-Kamchatskiy,53.0452,158.6483,52.39,71,75,8.95,RU,2022-09-15 05:13:50
564,Buraydah,26.326,43.975,88.36,15,0,10.56,SA,2022-09-15 05:13:50
565,Turtas,58.9417,69.1325,57.0,54,82,4.45,RU,2022-09-15 05:13:50
566,Mackenzie,55.2999,-123.1698,50.76,56,8,0.83,CA,2022-09-15 05:10:08
567,Camapua,-19.5314,-54.0439,67.46,82,86,7.23,BR,2022-09-15 05:13:51
568,Liuzhou,24.3126,109.3892,92.66,42,88,3.69,CN,2022-09-15 05:13:51
569,Ous,60.9058,61.5186,51.51,61,72,7.36,RU,2022-09-15 05:13:51
570,Varzea Grande,-15.6467,-56.1325,71.47,68,75,9.22,BR,2022-09-15 05:13:52
571,Urumqi,43.801,87.6005,56.35,41,75,4.47,CN,2022-09-15 05:13:52
572,Partizanskoye,55.5006,94.39,50.77,58,90,8.9,RU,2022-09-15 05:13:52
573,Zhuanghe,39.7008,122.9911,64.65,96,100,7.99,CN,2022-09-15 05:13:52
574,Bend,44.0582,-121.3153,57.67,76,95,1.99,US,2022-09-15 05:13:53
575,Xichang,27.8964,102.2634,73.35,78,94,3.74,CN,2022-09-15 05:13:53
576,Ust-Nera,64.5667,143.2,43.7,66,99,4.32,RU,2022-09-15 05:13:53
577,Kushima,31.4583,131.2333,86.63,83,16,11.9,JP,2022-09-15 05:13:54
578,Ginir,7.1333,40.7,62.31,71,86,10.16,ET,2022-09-15 05:13:54
579,Arlit,18.7369,7.3853,91.36,19,48,10.18,NE,2022-09-15 05:13:54
580,Tura,25.5198,90.2201,73.65,97,99,6.06,IN,2022-09-15 05:13:55
581,Gornyy,55.1153,83.9059,51.76,43,98,6.64,RU,2022-09-15 05:13:55
582,Cururupu,-1.8283,-44.8683,74.39,93,4,3.56,BR,2022-09-15 05:13:55
583,Bonavista,48.6499,-53.1147,56.53,90,46,11.34,CA,2022-09-15 05:13:55
584,Andenes,69.3143,16.1194,48.18,81,0,16.11,NO,2022-09-15 05:13:56
585,Vilyuysk,63.7553,121.6247,46.94,62,65,10.87,RU,2022-09-15 05:13:56
586,Artyom,40.4723,50.333,73.54,68,54,23.2,AZ,2022-09-15 05:13:56
587,Fayaoue,-20.65,166.5333,72.84,73,46,15.43,NC,2022-09-15 05:13:56
588,Neiafu,-18.65,-173.9833,79.48,83,40,10.36,TO,2022-09-15 05:13:57
589,Apatou,5.155,-54.3472,73.6,95,1,3.42,GF,2022-09-15 05:13:57
590,Sumenep,-7.0167,113.8667,87.98,54,85,10.13,ID,2022-09-15 05:13:57
591,Minna,9.6139,6.5569,73.11,94,89,5.75,NG,2022-09-15 05:13:57
592,Mandera,3.9366,41.867,77.77,60,92,15.14,KE,2022-09-15 05:13:58
593,Ferkessedougou,9.6,-5.2,71.58,97,50,3.65,CI,2022-09-15 05:13:58
594,Santa Cruz,-17.8,-63.1667,58.46,88,100,4.61,BO,2022-09-15 05:13:58
595,Ambulu,-8.345,113.6058,83.3,69,69,10.94,ID,2022-09-15 05:14:59
596,Olkhovka,53.2115,60.6069,57.27,40,96,13.06,RU,2022-09-15 05:14:59
597,Ankazobe,-18.3167,47.1167,54.88,64,23,12.68,MG,2022-09-15 05:14:59
598,Lodeynoye Pole,60.726,33.5531,50.2,90,100,7.27,RU,2022-09-15 05:14:59
599,Vieux-Habitants,16.0589,-61.7659,76.57,79,56,8.43,GP,2022-09-15 05:15:00
600,Tancheng,27.4375,115.4976,91.22,34,7,6.53,CN,2022-09-15 05:15:00
601,Kargasok,59.0556,80.8572,48.2,77,99,5.14,RU,2022-09-15 05:15:00
602,Ambunti,-4.2365,142.8448,93.33,46,30,2.75,PG,2022-09-15 05:15:01
603,Olafsvik,64.8945,-23.7142,45.25,72,1,3.8,IS,2022-09-15 05:15:01
604,Anaconda,46.1285,-112.9423,56.39,64,40,2.44,US,2022-09-15 05:15:01
605,Sungaipenuh,-2.0833,101.3833,80.8,49,61,2.66,ID,2022-09-15 05:15:02
606,Rio Gallegos,-51.6226,-69.2181,41.05,52,0,13.8,AR,2022-09-15 05:15:02
607,Borogontsy,62.6683,131.1683,46.62,75,92,9.37,RU,2022-09-15 05:15:03
608,Bulawayo,-20.15,28.5833,53.94,74,0,9.95,ZW,2022-09-15 05:15:04
609,Muana,-1.5283,-49.2167,75.47,92,17,5.06,BR,2022-09-15 05:11:15
610,Luanda,-8.8368,13.2343,71.42,88,96,6.78,AO,2022-09-15 05:15:04
611,Victor Harbor,-35.5667,138.6167,60.67,67,53,4.0,AU,2022-09-15 05:15:04
612,Uspenka,48.3903,39.1619,60.73,68,96,15.43,UA,2022-09-15 05:15:05
613,Bandar-E Lengeh,26.5579,54.8807,91.51,75,20,9.22,IR,2022-09-15 05:15:05
614,College,64.8569,-147.8028,48.58,95,100,5.75,US,2022-09-15 05:15:05
615,Seymchan,62.8833,152.4333,49.77,42,95,2.86,RU,2022-09-15 05:15:06
616,Chicama,-7.8447,-79.1469,57.74,80,66,4.68,PE,2022-09-15 05:15:06
617,Jurm,36.8648,70.8342,74.86,21,0,3.13,AF,2022-09-15 05:15:07
618,Almere,52.3703,5.2141,61.99,70,100,1.01,NL,2022-09-15 05:14:42
619,Khorixas,-20.3667,14.9667,68.07,33,36,5.73,NA,2022-09-15 05:15:07
620,Coihueco,-36.6167,-71.8333,41.74,93,0,2.3,CL,2022-09-15 05:15:07
621,Sabang,5.8933,95.3214,81.19,75,100,5.14,ID,2022-09-15 05:15:08
622,Rosarito,32.3333,-117.0333,68.14,77,0,6.55,MX,2022-09-15 05:15:08
623,Waddan,29.1614,16.139,71.69,67,0,8.93,LY,2022-09-15 05:15:08
624,Sola,-13.8833,167.55,79.41,78,17,12.33,VU,2022-09-15 05:15:09
625,Borova,50.1763,30.1043,57.25,93,100,5.93,UA,2022-09-15 05:15:09
626,Makow Mazowiecki,52.8649,21.1005,56.59,78,100,6.35,PL,2022-09-15 05:15:09
627,Yar-Sale,66.8333,70.8333,53.19,66,84,22.01,RU,2022-09-15 05:15:10
628,Beyneu,45.3167,55.2,70.03,36,85,9.15,KZ,2022-09-15 05:15:10
629,Vao,-22.6667,167.4833,69.22,65,87,12.73,NC,2022-09-15 05:15:10
630,Worland,44.0169,-107.9554,61.68,82,100,5.75,US,2022-09-15 05:15:11
631,Camacari,-12.6975,-38.3242,76.77,96,7,2.98,BR,2022-09-15 05:15:11
632,Morden,49.1919,-98.1014,59.09,69,97,13.58,CA,2022-09-15 05:10:23
633,Serro,-18.6047,-43.3794,62.73,47,22,1.9,BR,2022-09-15 05:15:11
634,Luba,3.4568,8.5547,76.89,91,100,3.67,GQ,2022-09-15 05:15:12
635,Saint Pete Beach,27.7253,-82.7412,76.14,94,100,8.59,US,2022-09-15 05:15:12
636,Mantua,45.1667,10.7833,68.95,89,54,1.99,IT,2022-09-15 05:15:12
637,Kloulklubed,7.0419,134.2556,88.3,73,99,9.62,PW,2022-09-15 05:15:13
638,Polson,47.6936,-114.1632,59.72,76,6,2.53,US,2022-09-15 05:15:13
639,Coihaique,-45.5752,-72.0662,39.81,100,100,6.91,CL,2022-09-15 05:11:55
640,Naze,28.3667,129.4833,86.92,77,15,15.86,JP,2022-09-15 05:15:13
641,Kiama,-34.6833,150.8667,62.58,77,100,5.99,AU,2022-09-15 05:14:55
642,Teguldet,57.3064,88.1667,53.64,51,26,1.72,RU,2022-09-15 05:16:14
643,Rosario,-32.9468,-60.6393,53.98,67,0,6.91,AR,2022-09-15 05:16:14
644,Kon Tum,14.35,108.0,80.19,76,96,4.94,VN,2022-09-15 05:16:14
645,Enugu,6.4402,7.4943,71.08,98,98,3.56,NG,2022-09-15 05:16:14
646,Tautira,-17.7333,-149.15,76.33,76,53,24.76,PF,2022-09-15 05:16:15
647,Fort Nelson,58.8053,-122.7002,62.19,45,75,5.75,CA,2022-09-15 05:15:28
648,Zhireken,52.8249,117.3076,50.85,78,99,8.77,RU,2022-09-15 05:16:15
649,Nesterovskaya,43.2386,45.0503,61.99,75,100,2.01,RU,2022-09-15 05:16:15
650,Choya,52.0108,86.5467,47.14,80,100,3.33,RU,2022-09-15 05:16:16
651,Ankpa,7.3706,7.6253,69.64,99,93,4.32,NG,2022-09-15 05:16:16
652,Bousso,10.4795,16.7117,72.81,89,64,5.68,TD,2022-09-15 05:16:16
653,Ambilobe,-13.2,49.05,77.52,41,87,5.84,MG,2022-09-15 05:16:17
654,Sungairaya,0.7,108.9,86.4,61,79,8.12,ID,2022-09-15 05:16:17
655,Tilichiki,60.4667,166.1,46.71,54,79,13.62,RU,2022-09-15 05:16:17
656,Camacha,33.0833,-16.3333,69.22,78,40,8.05,PT,2022-09-15 05:16:17
657,Broken Hill,-31.95,141.4333,68.99,22,0,19.35,AU,2022-09-15 05:16:18
658,Ossora,59.2353,163.0719,48.47,64,81,2.37,RU,2022-09-15 05:16:18
659,Baghdad,33.3406,44.4009,84.11,34,0,5.75,IQ,2022-09-15 05:11:21
660,Manta,-0.95,-80.7333,67.78,88,100,8.05,EC,2022-09-15 05:16:18
661,Bilma,18.6853,12.9164,88.68,18,4,4.21,NE,2022-09-15 05:16:19
662,Lukaya,-0.1489,31.8748,68.74,79,91,0.22,UG,2022-09-15 05:16:19
663,Porbandar,21.6422,69.6093,81.1,87,100,17.65,IN,2022-09-15 05:16:19
664,Cedar City,37.6775,-113.0619,54.57,94,0,5.75,US,2022-09-15 05:16:19
665,Hammerfest,70.6634,23.6821,41.45,81,75,18.41,NO,2022-09-15 05:16:20
666,Chala,-7.5833,31.2667,59.77,57,92,8.95,TZ,2022-09-15 05:16:20
667,Hailar,49.2,119.7,80.38,22,4,1.99,CN,2022-09-15 05:16:20
668,Inirida,3.8653,-67.9239,74.84,93,80,2.57,CO,2022-09-15 05:16:21
669,Boda,4.3189,17.4695,68.22,97,100,2.28,CF,2022-09-15 05:16:21
670,Kuloy,61.0305,42.4925,49.64,92,100,7.18,RU,2022-09-15 05:16:21
671,Buchanan,5.8808,-10.0467,75.69,87,91,7.11,LR,2022-09-15 05:16:22
672,Bukachacha,52.9833,116.9167,49.73,87,100,4.07,RU,2022-09-15 05:16:22
673,Koshurnikovo,54.1667,93.3,44.47,87,100,1.97,RU,2022-09-15 05:16:22
674,Acajutla,13.5928,-89.8275,78.42,86,95,7.87,SV,2022-09-15 05:16:22
675,Mirnyy,62.5353,113.9611,42.24,93,100,1.99,RU,2022-09-15 05:16:23
676,Kerrville,30.0474,-99.1403,72.25,72,0,0.0,US,2022-09-15 05:16:23
677,Mangrol,21.1167,70.1167,80.65,84,100,10.33,IN,2022-09-15 05:16:23
678,Obidos,-1.9175,-55.5181,78.19,60,28,3.83,BR,2022-09-15 05:16:23
679,Eyl,7.9803,49.8164,82.71,62,64,26.11,SO,2022-09-15 05:16:24
680,Curitiba,-25.504,-49.2908,55.18,73,100,10.36,BR,2022-09-15 05:15:03
681,Catamarca,-28.4696,-65.7852,64.06,28,0,15.77,AR,2022-09-15 05:16:24
682,Yatou,37.15,122.3833,72.23,94,100,12.59,CN,2022-09-15 05:16:24
683,Comarapa,-17.9,-64.4833,43.41,87,100,1.32,BO,2022-09-15 05:16:25
684,Isla Vista,34.4133,-119.861,73.31,67,0,5.01,US,2022-09-15 05:15:27
685,Ushibuka,32.1906,130.0228,87.57,63,4,3.22,JP,2022-09-15 05:16:25
686,Oskarshamn,57.2645,16.4484,50.99,90,20,11.21,SE,2022-09-15 05:16:26
687,Namie,37.4833,141.0,74.98,64,99,8.32,JP,2022-09-15 05:16:26
688,Boddam,57.4667,-1.7833,49.48,74,45,19.37,GB,2022-09-15 05:16:26
689,Cootamundra,-34.65,148.0333,53.94,96,100,7.78,AU,2022-09-15 05:16:26
